<?xml version="1.0" encoding="UTF-8"?>
<ApexComponent xmlns="http://soap.sforce.com/2006/04/metadata">
    <apiVersion>39.0</apiVersion>
    <description>//ERS170422 added Pendo code for inline analytics and help</description>
    <label>zDocumentSet_ltng</label>
    <packageVersions>
        <majorNumber>3</majorNumber>
        <minorNumber>6</minorNumber>
        <namespace>ZPAPER</namespace>
    </packageVersions>
    <packageVersions>
        <majorNumber>1</majorNumber>
        <minorNumber>31</minorNumber>
        <namespace>ZPAPER3</namespace>
    </packageVersions>
</ApexComponent>
