<?xml version="1.0" encoding="UTF-8"?>
<ApexPage xmlns="http://soap.sforce.com/2006/04/metadata">
    <apiVersion>41.0</apiVersion>
    <availableInTouch>false</availableInTouch>
    <confirmationTokenRequired>false</confirmationTokenRequired>
    <label>zApiSessionForLightning</label>
    <packageVersions>
        <majorNumber>3</majorNumber>
        <minorNumber>6</minorNumber>
        <namespace>ZPAPER</namespace>
    </packageVersions>
    <packageVersions>
        <majorNumber>1</majorNumber>
        <minorNumber>31</minorNumber>
        <namespace>ZPAPER3</namespace>
    </packageVersions>
</ApexPage>
