<?xml version="1.0" encoding="UTF-8"?>
<ApexPage xmlns="http://soap.sforce.com/2006/04/metadata">
    <apiVersion>39.0</apiVersion>
    <availableInTouch>true</availableInTouch>
    <confirmationTokenRequired>false</confirmationTokenRequired>
    <label>ZdocumentProperties_old</label>
    <packageVersions>
        <majorNumber>2</majorNumber>
        <minorNumber>18</minorNumber>
        <namespace>ZPAPER</namespace>
    </packageVersions>
    <packageVersions>
        <majorNumber>1</majorNumber>
        <minorNumber>31</minorNumber>
        <namespace>ZPAPER3</namespace>
    </packageVersions>
</ApexPage>
