<?xml version="1.0" encoding="UTF-8"?>
<ApexPage xmlns="http://soap.sforce.com/2006/04/metadata">
    <apiVersion>40.0</apiVersion>
    <availableInTouch>true</availableInTouch>
    <confirmationTokenRequired>false</confirmationTokenRequired>
    <description>buttons and other controls for zView actions</description>
    <label>zTools</label>
    <packageVersions>
        <majorNumber>2</majorNumber>
        <minorNumber>18</minorNumber>
        <namespace>ZPAPER</namespace>
    </packageVersions>
</ApexPage>
